{"loss": [1.3354405164718628, 0.5539596676826477, 0.3391551077365875, 0.24309034645557404, 0.18300700187683105, 0.1397978514432907, 0.11813022196292877, 0.09721359610557556, 0.08828312903642654, 0.0731750875711441], "accuracy": [0.5587519407272339, 0.8157292008399963, 0.886897087097168, 0.9179189801216125, 0.939494788646698, 0.950837254524231, 0.9596035480499268, 0.9682624936103821, 0.9700872898101807, 0.9760627150535583], "val_loss": [0.7093144059181213, 0.5333146452903748, 0.29621422290802, 0.3385280966758728, 0.28109052777290344, 0.20994774997234344, 0.1426239162683487, 0.16003090143203735, 0.21495363116264343, 0.14576387405395508], "val_accuracy": [0.7547953128814697, 0.8202118277549744, 0.8957915902137756, 0.8853421211242676, 0.9086744785308838, 0.9347265958786011, 0.9543372392654419, 0.9478957653045654, 0.9342971444129944, 0.9580589532852173]}